"Player","Team","Pos","Ht","Wt","Hometown","Exp","Debut","DOB","Age","G","MPG","PPG","RPG","APG"
"Gregory Jackson","MEM","","6-09","210","Columbia, South Carolina","","2024","2004-12-17","19","2","2.5","0.0","1.5","0.0"
"Dariq Whitehead","BRK","","6-07","217","Newark, New Jersey","","2024","2004-08-01","19","3","14.0","5.7","3.7","1.0"
"Bilal Coulibaly","WAS","SF","6-08","194","Saint-Claude, France","","2024","2004-07-26","19","62","26.7","8.5","4.0","1.7"
"Noah Clowney","BRK","C","6-10","205","Spartanburg, South Carolina","","2024","2004-07-14","19","23","15.6","5.8","3.5","0.8"
"Cam Whitmore","HOU","SF","6-07","232","Odenton, Maryland","","2024","2004-07-08","19","47","18.2","12.3","3.8","0.7"
"Rayan Rupert","POR","SG","6-07","185","Strasbourg, France","","2024","2004-05-31","19","39","15.7","4.0","2.4","1.6"
"Nick Smith","CHH","SG","6-05","180","Jacksonville, Arkansas","","2024","2004-04-18","20","50","14.2","6.0","1.5","1.2"
"Sidy Cissoko","SAS","PF","6-08","200","Saint-Maurice, France","","2024","2004-04-02","20","11","12.4","4.1","2.0","0.9"
"Jordan Walsh","BOS","SG","6-07","205","Dallas, TX","","2024","2004-03-03","20","10","8.4","1.7","2.1","0.5"
"Amari Bailey","CHH","SG","6-05","185","","","2024","2004-02-17","20","9","6.8","2.6","1.0","0.8"
"Dereck Lively II","DAL","C","7-01","230","Philadelphia, Pennsylvania","","2024","2004-02-12","20","64","22.6","8.6","6.8","1.1"
"Scoot Henderson","POR","PG","6-02","195","Marietta, Georgia","","2024","2004-02-03","20","62","28.0","14.0","3.1","5.4"
"Emoni Bates","CLE","SF","6-10","180","Ypsilanti, Michigan","","2024","2004-01-28","20","12","10.3","3.4","1.2","0.8"
"Anthony Black","ORL","PG","6-07","198","Las Colinas, Texas","","2024","2004-01-20","20","68","16.7","4.8","2.1","1.4"
"Victor Wembanyama","SAS","C","7-04","210","Le Chesnay, France","","2024","2004-01-04","20","71","29.1","21.4","10.6","3.8"
"Leonard Miller","MIN","PF","6-10","210","Toronto, Canada","","2024","2003-11-26","20","16","2.8","1.8","1.4","0.5"
"Taylor Hendricks","UTA","PF","6-09","214","Fort Lauderdale, Florida","","2024","2003-11-22","20","40","20.9","7.3","4.6","0.8"
"Gradey Dick","TOR","SF","6-08","205","Wichita, Kansas","","2024","2003-11-20","20","59","21.0","8.6","2.3","1.1"
"Jalen Duren","DET","C","6-11","250","New Castle, DE","","2023","2003-11-18","20","61","28.7","13.7","11.6","2.4"
"Keyonte George","UTA","PG","6-04","185","Lewisville, Texas","","2024","2003-11-08","20","75","26.5","13.0","2.8","4.4"
"Cason Wallace","OKC","SG","6-04","193","Dallas, Texas","","2024","2003-11-07","20","89","19.9","6.6","2.2","1.4"
"Julian Phillips","CHI","PF","6-08","198","Killeen, Texas","","2024","2003-11-05","20","35","8.6","2.5","1.0","0.3"
"Brice Sensabaugh","UTA","SF","6-06","235","Orlando, Florida","","2024","2003-10-30","20","32","17.8","7.5","3.2","1.7"
"Chris Livingston","MIL","SF","6-06","220","Akron, Ohio","","2024","2003-10-15","20","18","4.7","1.6","1.1","0.3"
"Kobe Bufkin","ATL","PG","6-04","187","Grand Rapids, Michigan","","2024","2003-09-21","20","17","11.0","4.8","1.9","1.6"
"Jett Howard","ORL","SG","6-08","215","Chicago, Illinois","","2024","2003-09-14","20","20","3.4","1.7","0.4","0.4"
"Jarace Walker","IND","PF","6-08","249","Baltimore, Maryland","","2024","2003-09-04","20","33","10.2","3.8","1.8","1.3"
"AJ Griffin","ATL","","6-06","222","","","2023","2003-08-25","20","20","8.1","2.4","0.9","0.2"
"Nikola Jovic","MIA","PF","6-09","223","Leicester, England","","2023","2003-06-09","20","52","19.9","7.9","4.6","2.0"
"Shaedon Sharpe","POR","SG","6-06","200","","","2023","2003-05-30","20","32","32.2","15.9","5.0","2.9"
"Dominick Barlow","SAS","C","6-09","214","Hackensack, New Jersey","","2023","2003-05-26","20","32","12.6","4.5","3.5","1.1"
"Ousmane Dieng","OKC","","6-07","216","","","2023","2003-05-21","20","35","10.2","3.9","1.4","1.0"
"Jeremy Sochan","SAS","PF","6-09","230","","","2023","2003-05-20","20","74","29.1","11.6","6.4","3.4"
"Jalen Hood-Schifino","LAL","PG","6-06","217","Penn Hills, Pennsylvania","","2024","2003-05-19","20","21","4.9","1.6","0.6","0.4"
"Jabari Smith","HOU","PF","6-10","220","Fayetteville, Georgia","","2023","2003-05-13","21","76","31.4","13.7","8.1","1.6"
"Malaki Branham","SAS","SG","6-05","180","","","2023","2003-05-12","21","75","20.7","9.2","2.0","2.1"
"Kendall Brown","IND","SF","6-08","205","Cottage Grove, MN","","2023","2003-05-11","21","12","5.3","1.9","0.6","0.4"
"Alex Fudge","LAL","","6-09","200","Jacksonville, Florida","","2024","2003-05-06","21","4","6.3","2.5","0.8","0.0"
"Dyson Daniels","NOP","PG","6-06","199","","","2023","2003-03-17","21","66","20.5","5.4","3.8","2.5"
"Blake Wesley","SAS","PG","6-05","181","South Bend, Indiana","","2023","2003-03-16","21","60","14.0","4.4","1.5","2.8"
"Brandin Podziemski","GSW","SG","6-05","205","Greenfield, Wisconsin","","2024","2003-02-25","21","73","26.4","9.3","5.9","3.7"
"Max Christie","LAL","SG","6-06","190","","","2023","2003-02-10","21","66","14.1","4.3","2.2","0.9"
"Ausar Thompson","DET","SF","6-07","218","Oakland, California","","2024","2003-01-30","21","63","24.8","8.8","6.3","1.8"
"Amen Thompson","HOU","PG","6-07","225","Oakland, California","","2024","2003-01-30","21","62","21.9","9.5","6.6","2.6"
"Caleb Houstan","ORL","SF","6-08","205","","","2023","2003-01-09","21","60","13.2","4.3","1.4","0.5"
"Terquavion Smith","PHI","SG","6-04","165","Greenville, NC","","2024","2002-12-31","21","14","5.6","3.7","0.3","0.9"
"Joshua Primo","LAC","PG","6-06","190","Toronto, Canada","","2022","2002-12-24","21","2","4.5","1.0","0.5","0.0"
"John Butler","WAS","","7-01","190","Mauldin, SC","","2023","2002-12-04","21","1","2.0","0.0","0.0","0.0"
"Josh Minott","MIN","SF","6-08","205","Boca Raton, Florida","","2023","2002-11-25","21","32","2.7","1.8","0.6","0.3"
"Brandon Miller","CHH","SF","6-09","200","Nashville, Tennessee","","2024","2002-11-22","21","74","31.7","17.3","4.3","2.3"
"Patrick Baldwin","WAS","PF","6-09","220","","","2023","2002-11-18","21","37","12.8","4.6","3.3","0.8"
"Paolo Banchero","ORL","PF","6-10","250","","","2023","2002-11-12","21","87","34.7","22.9","7.1","5.3"
"Mouhamed Gueye","ATL","PF","6-11","210","Dakar, Senegal","","2024","2002-11-09","21","7","10.3","3.4","3.1","0.6"
"Bryce McGowens","CHH","SG","6-07","179","","","2023","2002-11-08","21","56","15.1","5.4","1.8","0.9"
"Ibou Badji","POR","C","7-00","240","Dakar, Senegal","","2023","2002-10-13","21","18","11.8","1.9","2.8","0.7"
"Josh Giddey","OKC","PG","6-07","205","","","2022","2002-10-10","21","87","24.3","12.1","6.2","4.6"
"Jonathan Kuminga","GSW","PF","6-06","210","","","2022","2002-10-06","21","75","25.9","16.1","4.8","2.2"
"JD Davison","BOS","PG","6-03","195","Montgomery, AL","","2023","2002-10-03","21","6","5.8","2.7","1.7","1.7"
"Jaden Springer","PHI","SG","6-04","204","","","2022","2002-09-25","21","30","11.0","3.7","1.7","1.0"
"Peyton Watson","DEN","PF","6-08","200","","","2023","2002-09-11","21","88","17.4","6.3","3.1","1.0"
"JT Thor","CHH","PF","6-10","205","Omaha, Nebraska","","2022","2002-08-26","21","59","12.7","3.4","2.5","0.5"
"Kenny Lofton","MEM","","6-07","275","Port Arthur, Texas","","2023","2002-08-14","21","13","9.8","5.1","1.9","1.7"
"Jabari Walker","POR","PF","6-09","215","","","2023","2002-07-30","21","72","23.1","8.9","7.0","1.0"
"Maxwell Lewis","LAL","","6-07","195","Las vegas, Nevada","","2024","2002-07-27","21","27","3.2","0.4","0.1","0.3"
"Alperen Sengun","HOU","C","6-10","243","","","2022","2002-07-25","21","63","32.0","21.1","9.4","4.9"
"Dalen Terry","CHI","PG","6-07","195","Phoenix, Arizona","","2023","2002-07-12","21","61","11.2","3.0","2.0","1.4"
"Jaden Hardy","DAL","SG","6-04","198","Detroit, MI","","2023","2002-07-05","21","79","12.3","6.9","1.7","1.4"
"Olivier-Maxence Prosper","DAL","PF","6-08","212","","","2024","2002-07-03","21","34","9.3","3.6","2.3","0.6"
"Ryan Rollins","WAS","","6-04","180","Detroit, MI","","2023","2002-07-03","21","10","6.0","3.7","1.1","1.2"
"Jaylin Williams","OKC","C","6-10","240","Fort Smith, Arkansas","","2023","2002-06-29","21","76","12.4","4.1","3.4","1.5"
"Gui Santos","GSW","PF","6-08","209","—","","2024","2002-06-22","21","24","7.6","3.4","2.1","0.5"
"Bennedict Mathurin","IND","SG","6-06","210","","","2023","2002-06-19","21","60","25.7","14.6","3.9","2.0"
"Moses Moody","GSW","SF","6-06","205","","","2022","2002-05-31","21","66","16.9","8.2","3.0","0.9"
"Colby Jones","SAC","SG","6-06","205","Birmingham, Alabama","","2024","2002-05-28","21","28","6.4","2.3","1.4","0.8"
"Chet Holmgren","OKC","C","7-00","195","Minneapolis, MN","","2024","2002-05-01","22","89","29.3","16.4","7.9","2.4"
"Jordan Hawkins","NOP","SG","6-05","186","Gaithersburg, Maryland","","2024","2002-04-29","22","66","17.1","7.9","2.3","1.0"
"Julian Strawther","DEN","","6-07","209","Henderson, Nevada","","2024","2002-04-18","22","50","10.5","4.6","1.2","0.9"
"Keon Johnson","BRK","PG","6-05","186","Shelbyville, TN","","2022","2002-03-10","22","5","11.8","6.2","1.4","0.6"
"Usman Garuba","GSW","C","6-08","229","Mardrid, Spain","","2022","2002-03-09","22","7","2.3","0.4","1.1","0.3"
"Johnny Davis","WAS","SG","6-05","194","La Crosse, Wisconsin","","2023","2002-02-27","22","48","12.2","3.2","1.5","0.7"
"Jaden Ivey","DET","SG","6-04","195","","","2023","2002-02-13","22","77","28.3","15.4","3.4","3.8"
"Daishen Nix","MIN","","6-05","224","Fairbanks, AK","","2022","2002-02-13","22","15","3.0","1.8","0.2","0.5"
"Adama Sanogo","CHI","C","6-09","245","Bamako, Mali","","2024","2002-02-12","22","7","8.7","5.1","5.1","0.0"
"Jalen Green","HOU","SG","6-06","178","","","2022","2002-02-09","22","82","31.2","19.6","5.1","3.5"
"Moussa Diabate","LAC","","6-11","210","","","2023","2002-01-21","22","10","5.7","2.7","2.3","0.4"
"Isaiah Jackson","IND","C","6-10","206","","","2022","2002-01-10","22","67","12.5","6.4","4.0","0.8"
"Aleksej Pokusevski","OKC","C","7-00","208","","","2021","2001-12-26","22","10","13.9","5.2","3.2","1.2"
"Jalen Johnson","ATL","PF","6-09","220","","","2022","2001-12-18","22","56","33.2","16.0","8.7","3.6"
"Mark Williams","CHH","C","7-00","242","Norfolk, Virginia","","2023","2001-12-16","22","19","26.3","12.7","9.6","1.2"
"BJ Boston","LAC","SG","6-07","185","Norcross, GA","","2022","2001-11-28","22","31","10.8","5.5","1.7","0.5"
"TyTy Washington","MIL","PG","6-03","197","Phoenix, AZ","","2023","2001-11-15","22","10","5.1","1.4","0.5","0.5"
"Andre Jackson","MIL","SG","6-06","210","Schenectady, New York","","2024","2001-11-13","22","59","10.2","2.3","2.1","1.0"
"Day'Ron Sharpe","BRK","C","6-11","265","Greenville, North Carolina","","2022","2001-11-06","22","61","14.6","6.8","6.3","1.4"
"Jake LaRavia","MEM","SF","6-08","235","","","2023","2001-11-03","22","35","22.4","10.8","3.7","1.7"
"Cameron Thomas","BRK","SG","6-04","210","Yokosuka, Japan","","2022","2001-10-13","22","14","30.8","23.3","3.2","2.4"
"Cade Cunningham","DET","PG","6-08","220","","","2022","2001-09-25","22","62","33.0","22.8","4.4","7.5"
"Wendell Moore","MIN","SG","6-05","213","Richmond, Virginia","","2023","2001-09-18","22","23","3.0","0.9","0.6","0.3"
"Ziaire Williams","MEM","SF","6-08","185","","","2022","2001-09-12","22","49","20.7","8.6","3.7","1.5"
"Greg Brown","DAL","PF","6-09","205","Dallas, TX","","2022","2001-09-01","22","5","7.2","3.0","1.8","0.8"
"Franz Wagner","ORL","SF","6-09","220","","","2022","2001-08-27","22","79","32.3","19.7","5.4","3.8"
"Malcolm Cazalon","DET","","6-06","212","Roanne, France","","2024","2001-08-27","22","1","2.0","0.0","0.0","0.0"
"Patrick Williams","CHI","PF","6-08","225","Charlotte, North Carolina","","2021","2001-08-26","22","43","26.8","9.9","3.8","1.5"
"LaMelo Ball","CHH","PG","6-07","181","Chino Hills, California","","2021","2001-08-22","22","22","31.8","23.9","5.1","8.1"
"Anthony Edwards","MIN","SG","6-05","225","Atlanta, GA","","2021","2001-08-05","22","87","35.0","26.5","5.6","5.1"
"Ricky Council","PHI","SF","6-06","205","Durham, NC","","2024","2001-08-03","22","29","9.5","6.0","1.6","0.6"
"Scottie Barnes","TOR","SF","6-09","227","","","2022","2001-08-01","22","60","34.4","19.8","8.2","6.0"
"Killian Hayes","DET","PG","6-05","216","","","2021","2001-07-27","22","42","23.5","6.9","2.9","4.8"
"Walker Kessler","UTA","C","7-01","245","Atlanta, Georgia","","2023","2001-07-26","22","64","22.9","8.1","7.5","0.9"
"Ben Sheppard","IND","SG","6-06","195","Atlanta, Georgia","","2024","2001-07-16","22","64","14.9","4.9","1.9","1.0"
"Julian Champagnie","SAS","SF","6-08","215","","","2023","2001-06-29","22","74","19.5","6.8","2.8","1.4"
"Evan Mobley","CLE","PF","7-00","215","San Diego, California","","2022","2001-06-18","22","60","30.5","15.3","9.3","3.0"
"Theo Maledon","CHH","","6-05","176","Rouen, France","","2021","2001-06-12","22","13","12.8","3.7","1.4","1.8"
"Jalen Suggs","ORL","PG","6-04","205","","","2022","2001-06-03","22","82","27.0","12.7","3.2","2.8"
"Isaiah Stewart II","DET","PF","6-09","250","","","2021","2001-05-22","22","46","30.6","10.9","6.6","1.6"
"Tari Eason","HOU","","6-08","216","Portsmouth, Virginia","","2023","2001-05-10","23","22","21.3","9.8","7.0","1.2"
"Christian Braun","DEN","SF","6-06","218","Burlington, KS","","2023","2001-04-17","23","91","19.2","7.1","3.6","1.5"
"Jalen Williams","OKC","PF","6-06","195","","","2023","2001-04-14","23","78","31.4","19.1","4.2","4.6"
"Kira Lewis","NOP","","6-03","165","","","2021","2001-04-06","23","15","9.6","3.3","1.0","1.5"
"James Wiseman","DET","C","7-01","240","Nashville, Tennessee","","2021","2001-03-31","23","63","16.9","7.0","5.3","0.9"
"David Roddy","MEM","SF","6-06","255","Minneapolis, MN","","2023","2001-03-27","23","47","17.9","6.8","3.3","1.2"
"Johnny Juzang","UTA","SG","6-07","215","Los Angeles, CA","","2023","2001-03-17","23","20","18.1","7.2","1.8","1.2"
"Jaime Jaquez","MIA","SF","6-07","225","Irvine, California","","2024","2001-02-16","23","81","27.8","12.0","3.8","2.6"
"R.J. Hampton","MIA","PG","6-05","185","Dallas, TX","","2021","2001-02-07","23","7","10.3","1.4","0.9","1.1"
"Tre Mann","OKC","SG","6-05","190","","","2022","2001-02-03","23","12","24.0","9.6","3.7","4.1"
"Isaiah Wong","IND","","6-04","184","","","2024","2001-01-28","23","2","2.5","1.0","0.0","0.0"
"Isaac Okoro","CLE","SF","6-06","225","Atlanta, Georgia","","2021","2001-01-26","23","79","26.3","8.9","2.8","1.8"
"Santi Aldama","MEM","PF","6-11","215","","","2022","2001-01-10","23","60","26.3","10.8","5.7","2.2"
"Zeke Nnaji","DEN","C","6-11","240","","","2021","2001-01-09","23","60","9.3","3.2","2.1","0.5"
"KJ Martin","LAC","SF","6-07","215","Los Angeles, California","","2021","2001-01-06","23","2","12.5","3.9","2.3","0.9"
"Deni Avdija","WAS","SF","6-09","220","Beit Zera, Israel","","2021","2001-01-03","23","75","29.4","14.7","7.2","3.8"
"E.J. Liddell","NOP","","6-07","240","—","","2024","2000-12-18","23","9","2.2","0.4","0.6","0.1"
"Onyeka Okongwu","ATL","C","6-09","245","Los Angeles, California","","2021","2000-12-11","23","55","25.2","10.2","6.8","1.3"
"Talen Horton-Tucker","UTA","PG","6-04","233","Chicago, Illinois","","2020","2000-11-25","23","51","19.4","10.1","2.4","3.5"
"Lester Quinones","GSW","SG","6-05","208","Brentwood, New York","","2023","2000-11-16","23","37","10.3","4.5","2.0","1.0"
"Josh Green","DAL","SF","6-06","210","","","2021","2000-11-16","23","66","24.7","7.9","3.2","2.1"
"Trendon Watford","BRK","PF","6-09","240","Birmingham, AL","","2022","2000-11-09","23","62","13.0","6.7","3.0","1.3"
"Jalen Wilson","BRK","PF","6-08","225","Arlington, Texas","","2024","2000-11-04","23","42","15.3","5.1","3.1","1.1"
"Tyrese Maxey","PHI","PG","6-03","198","Dallas, TX","","2021","2000-11-04","23","77","37.6","26.2","3.8","6.2"
"Jeremiah Robinson-Earl","NOP","PF","6-09","230","Kansas City, Missouri","","2022","2000-11-03","23","37","8.8","3.2","2.1","0.5"
"Charles Bassey","SAS","","6-11","235","","","2022","2000-10-28","23","19","10.3","3.3","3.8","1.1"
"MarJon Beauchamp","MIL","SG","6-07","175","Yakima, WA","","2023","2000-10-12","23","52","11.7","4.2","1.9","0.6"
"Jaden McDaniels","MIN","SF","6-09","200","Federal Way, Washington","","2021","2000-09-29","23","80","29.2","10.5","3.2","1.4"
"Marcus Sasser","DET","PG","6-02","195","Dallas, Texas","","2024","2000-09-21","23","71","18.5","8.3","1.8","3.2"
"James Bouknight","CHH","SG","6-05","190","New York, New York","","2022","2000-09-18","23","13","5.6","3.8","0.7","0.5"
"Bones Hyland","LAC","PG","6-03","173","","","2022","2000-09-14","23","39","13.6","6.8","1.5","2.4"
"Miles McBride","NYK","PG","6-02","200","Cincinnati, Ohio","","2022","2000-09-08","23","77","19.7","8.5","1.6","1.7"
"Vincent Williams","MEM","SF","6-06","205","Toledo, Ohio","","2023","2000-08-30","23","51","28.1","10.2","5.7","3.5"
"Jared Butler","WAS","PG","6-03","195","Reserve, LA","","2022","2000-08-25","23","40","13.6","6.3","1.4","3.2"
"Devin Vassell","SAS","SG","6-07","194","","","2021","2000-08-23","23","68","32.6","19.4","3.8","4.1"
"Keegan Murray","SAC","PF","6-08","225","","","2023","2000-08-19","23","79","33.2","15.4","5.5","1.6"
"Kris Murray","POR","SF","6-08","220","Cedar Rapids, Iowa","","2024","2000-08-19","23","61","21.7","6.2","3.7","1.3"
"AJ Lawson","DAL","SF","6-06","177","Brampton, Canada","","2023","2000-07-15","23","39","7.7","3.7","1.4","0.5"
"Orlando Robinson","MIA","C","7-00","235","Las Vegas, Nevada","","2023","2000-07-10","23","31","9.3","3.2","2.7","1.2"
"Zion Williamson","NOP","PF","6-06","285","","","2020","2000-07-06","23","71","31.0","23.1","5.8","5.0"
"Trey Murphy","NOP","PF","6-09","206","Durham, North Carolina","","2022","2000-06-18","23","63","30.1","14.5","5.1","2.2"
"RJ Barrett","NYK","SF","6-06","202","Toronto, Canada","","2020","2000-06-14","23","26","31.0","20.2","5.5","3.3"
"Hunter Tyson","DEN","","6-08","217","Gastonia, North Carolina","","2024","2000-06-13","23","18","2.5","1.2","0.6","0.2"
"Dereon Seabron","NOP","","6-07","180","","","2023","2000-05-26","23","6","8.8","2.3","1.2","0.7"
"Colin Castleton","LAL","C","6-11","250","Pembroke Pines, Florida","","2024","2000-05-25","23","13","3.9","1.8","0.9","0.2"
"Keyontae Johnson","OKC","PF","6-06","230","Norfolk, Virginia","","2024","2000-05-24","23","9","6.8","1.2","1.1","0.4"
"Jaxson Hayes","LAL","C","6-11","220","Norman, OK","","2020","2000-05-23","23","74","11.8","4.1","3.1","0.5"
"Cole Anthony","ORL","SG","6-03","190","","","2021","2000-05-15","23","88","21.4","11.1","3.7","2.8"
"Jacob Toppin","NYK","PF","6-09","205","Brooklyn, New York","","2024","2000-05-08","24","5","6.6","2.6","1.4","0.6"
"Quentin Grimes","NYK","SG","6-05","205","","","2022","2000-05-08","24","46","19.7","7.2","2.0","1.3"
"Toumani Camara","POR","SF","6-08","220","Brussells, Belgium","","2024","2000-05-08","24","70","24.3","7.5","4.8","1.3"
"Ochai Agbaji","UTA","SF","6-05","215","","","2023","2000-04-20","24","51","20.6","5.8","2.7","1.1"
"Filip Petrusev","PHI","","6-11","235","","","2024","2000-04-15","24","1","4.0","1.5","0.5","0.0"
"Ron Harper","TOR","","6-06","245","Paterson, New Jersey","","2023","2000-04-12","24","1","2.0","0.0","0.0","1.0"
"Seth Lundy","ATL","SF","6-06","220","Philadelphia, PA","","2024","2000-04-02","24","9","5.3","1.6","0.8","0.0"
"Jalen Smith","IND","C","6-10","225","","","2021","2000-03-16","24","64","16.5","9.5","5.5","1.0"
"Tyrese Haliburton","IND","PG","6-05","175","Kenosha, WI","","2021","2000-02-29","24","80","32.2","20.0","4.0","10.5"
"Craig Porter","CLE","PG","6-02","186","Terre Haute, Indiana","","2024","2000-02-26","24","49","12.7","5.8","2.2","2.4"
"Trayce Jackson-Davis","GSW","C","6-09","245","Long Beach, California","","2024","2000-02-22","24","66","16.5","8.1","5.1","1.2"
"Coby White","CHI","PG","6-04","185","Goldsboro, North Carolina","","2020","2000-02-16","24","81","36.1","19.3","4.6","5.1"
"Nassir Little","PHO","SF","6-05","220","Pensacola, FL","","2020","2000-02-11","24","45","9.9","3.5","1.7","0.5"
"Darius Garland","CLE","PG","6-01","175","Gary, Indiana","","2020","2000-01-26","24","67","33.1","17.5","2.9","6.3"
"Jordan Miller","LAC","SF","6-07","195","Anaheim, California","","2024","2000-01-23","24","7","3.3","1.9","0.7","0.0"
"Jules Bernard","WAS","SG","6-07","210","Los Angeles, CA","","2024","2000-01-21","24","17","8.1","4.4","1.5","0.9"
"Tyler Herro","MIA","SG","6-05","195","","","2020","2000-01-20","24","49","33.5","20.6","5.2","4.7"
"Ayo Dosunmu","CHI","SG","6-05","200","","","2022","2000-01-17","24","78","28.8","12.2","2.8","3.2"
"Andrew Nembhard","IND","SG","6-05","193","","","2023","2000-01-16","24","77","25.7","9.7","2.2","4.2"
"Luka Samanic","UTA","PF","6-10","230","","","2020","2000-01-09","24","39","9.7","4.5","2.7","0.5"
"Keon Ellis","SAC","SG","6-06","175","","","2023","2000-01-08","24","58","17.6","5.6","2.2","1.6"
"Tre Jones","SAS","PG","6-03","185","","","2021","2000-01-08","24","77","27.2","10.0","3.8","6.2"
"Kobe Brown","LAC","PF","6-08","252","Huntsville, Alabama","","2024","2000-01-01","24","42","9.0","2.1","1.5","0.6"
"Markquis Nowell","TOR","","5-07","160","New York, New York","","2024","1999-12-25","24","1","3.0","2.0","2.0","2.0"
"Oscar Tshiebwe","IND","C","6-09","260","","","2024","1999-11-27","24","9","4.4","3.0","1.9","0.2"
"Bol Bol","PHO","PF","7-02","235","Khartoum, Sudan","","2020","1999-11-16","24","42","11.0","5.4","3.4","0.4"
"Jontay Porter","TOR","C","6-11","240","Columbia, MO","","2021","1999-11-15","24","25","13.9","4.6","3.3","2.4"
"Drew Peterson","BOS","SF","6-09","205","Libertyville, IL","","2024","1999-11-09","24","3","7.3","3.7","0.3","0.3"
"Dalano Banton","BOS","PG","6-09","204","Toronto, Canada","","2022","1999-11-07","24","21","19.8","10.9","3.5","2.5"
"Jalen Slawson","SAC","","6-07","215","","","2024","1999-10-22","24","7","4.1","1.1","1.0","0.1"
"Jalen Pickett","DEN","PG","6-04","209","Rochester, New York","","2024","1999-10-22","24","24","4.6","1.6","0.6","0.9"
"Javon Freeman-Liberty","TOR","PG","6-04","180","Chicago, IL","","2024","1999-10-20","24","20","19.6","7.6","3.5","2.0"
"Aaron Nesmith","IND","SF","6-06","213","","","2021","1999-10-16","24","83","27.9","12.0","4.0","1.6"
"Moses Brown","POR","C","7-02","245","New York, NY","","2020","1999-10-13","24","22","8.6","3.4","4.0","0.3"
"Keldon Johnson","SAS","SF","6-05","211","","","2020","1999-10-11","24","69","29.0","15.7","5.4","2.8"
"AJ Green","MIL","PG","6-04","190","Cedar Falls, Iowa","","2023","1999-09-27","24","59","11.1","4.6","1.2","0.5"
"Isaiah Mobley","CLE","PF","6-10","240","Temecula, California","","2023","1999-09-24","24","8","9.8","3.9","1.4","0.9"
"Terry Taylor","CHI","PF","6-05","230","Bowling Green, Kentucky","","2022","1999-09-23","24","26","6.6","1.7","1.4","0.4"
"Precious Achiuwa","TOR","PF","6-09","225","Port Harcourt, Nigeria","","2021","1999-09-19","24","25","21.3","7.4","6.4","1.2"
"Udoka Azubuike","PHO","C","7-00","270","Lagos, Nigeria","","2021","1999-09-17","24","15","7.1","2.3","2.1","0.2"
"Jaren Jackson","MEM","PF","6-11","242","","","2019","1999-09-15","24","66","31.7","22.5","5.5","2.3"
"Cam Reddish","LAL","SF","6-08","218","Norristown, Pennsylvania","","2020","1999-09-01","24","49","20.3","5.5","2.1","1.0"
"Jared Rhoden","DET","SF","6-06","210","Bronx, New York","","2023","1999-08-27","24","17","13.9","4.9","1.9","0.8"
"Naz Reid","MIN","C","6-09","250","Asbury Park, New Jersey","","2020","1999-08-26","24","89","23.4","13.2","5.0","1.3"
"Kevin Knox","DET","PF","6-07","215","Phoenix, AZ","","2019","1999-08-11","24","31","17.5","7.2","2.4","0.7"
"Ja Morant","MEM","PG","6-03","175","Dalzell, SC","","2020","1999-08-10","24","9","34.8","25.1","5.7","8.1"
"Kessler Edwards","SAC","SF","6-08","215","","","2022","1999-08-09","24","43","5.9","2.2","1.0","0.3"
"Troy Brown","MIN","SF","6-06","215","Las Vegas, NV","","2019","1999-07-28","24","36","13.7","4.3","2.5","1.0"
"Goga Bitadze","ORL","C","6-11","250","Sagarejo, Georgia","","2020","1999-07-20","24","60","15.6","5.2","4.8","1.4"
"Neemias Queta","BOS","C","7-00","245","","","2022","1999-07-13","24","30","10.8","5.2","4.2","0.7"
"Isaiah Joe","OKC","PG","6-05","180","","","2021","1999-07-02","24","85","17.8","8.1","2.3","1.2"
"Collin Gillespie","DEN","PG","6-03","195","Philadelphia, Pennsylvania","","2024","1999-06-25","24","23","9.3","3.8","1.0","1.2"
"Sandro Mamukelashvili","SAS","C","6-11","240","New York, New York","","2022","1999-06-23","24","42","10.1","4.5","3.5","1.1"
"Saben Lee","PHO","PG","6-02","183","Phoenix, Arizona","","2021","1999-06-23","24","24","7.2","3.0","1.2","1.2"
"Jordan Poole","WAS","SG","6-04","195","Milwaukee, WI","","2020","1999-06-19","24","78","29.7","17.4","2.7","4.4"
"Immanuel Quickley","NYK","PG","6-03","188","","","2021","1999-06-17","24","30","29.0","17.0","3.8","4.9"
"Leaky Black","CHH","SF","6-09","205","Concord, North Carolina","","2024","1999-06-14","24","26","10.5","2.7","1.8","0.9"
"Paul Reed","PHI","C","6-09","220","","","2021","1999-06-14","24","89","18.0","6.9","5.7","1.2"
"Anfernee Simons","POR","SG","6-03","185","","","2019","1999-06-08","24","46","33.8","22.6","3.6","5.5"
"Nathaniel Hinton","HOU","SF","6-05","210","Gastonia, North Carolina","","2021","1999-06-08","24","13","5.2","2.5","1.7","0.8"
"Cole Swider","MIA","PF","6-09","220","Providence, RI","","2023","1999-05-08","25","16","4.9","2.6","0.4","0.3"
"Luguentz Dort","OKC","SF","6-03","215","","","2020","1999-04-19","25","86","28.4","10.8","3.6","1.5"
"Nicolas Claxton","BRK","C","6-11","220","Greenville, South Carolina","","2020","1999-04-17","25","71","29.3","11.8","9.9","2.1"
"Wendell Carter","ORL","C","6-09","255","Atlanta, Georgia","","2019","1999-04-16","25","62","25.2","10.6","6.9","1.7"
"Saddiq Bey","ATL","SF","6-08","216","","","2021","1999-04-09","25","63","32.3","13.7","6.5","1.5"
"Jaylen Nowell","MEM","","6-04","200","Seattle, WA","","2020","1999-04-09","25","9","16.8","5.7","1.6","1.4"
"Jarred Vanderbilt","LAL","PF","6-09","214","","","2019","1999-04-03","25","30","19.3","5.0","4.7","1.2"
"Onuralp Bitim","CHI","SF","6-05","215","Kadikoy, Turkey","","2024","1999-03-31","25","23","11.1","3.5","1.4","0.6"
"Justin Minaya","POR","SF","6-07","210","Harrington Park, NJ","","2023","1999-03-26","25","33","11.1","1.8","1.7","0.6"
"Jamal Cain","MIA","SF","6-07","191","Pontiac, Michigan","","2023","1999-03-20","25","19","12.8","5.1","1.9","0.5"
"Marvin Bagley","DET","C","6-11","234","Tempe, Arizona","","2019","1999-03-14","25","26","20.6","11.7","6.2","1.1"
"Corey Kispert","WAS","SG","6-07","220","","","2022","1999-03-03","25","80","25.4","13.4","2.8","2.0"
"Luka Doncic","DAL","PG","6-07","218","","","2019","1999-02-28","25","79","37.5","33.2","9.2","9.7"
"Olivier Sarr","OKC","C","7-00","237","","","2022","1999-02-20","25","14","6.4","2.4","2.6","0.1"
"Jeenathan Williams","HOU","","6-05","205","Rochester, NY","","2023","1999-02-12","25","4","4.8","3.2","0.0","0.5"
"Dexter Dennis","DAL","","6-05","210","Baker, LA","","2024","1999-02-09","25","4","7.0","5.5","2.2","1.0"
"Xavier Tillman","MEM","C","6-08","245","","","2021","1999-01-12","25","33","17.4","5.1","3.9","1.4"
"Collin Sexton","UTA","SG","6-01","190","Marietta, Georgia","","2019","1999-01-04","25","78","26.2","18.7","2.6","4.9"
"Aaron Wiggins","OKC","PF","6-06","200","","","2022","1999-01-02","25","85","15.4","7.0","2.5","1.1"
"Luka Garza","MIN","C","6-11","265","Washington, District of Columbia","","2022","1998-12-27","25","25","5.0","4.6","1.4","0.2"
"D'Moi Hodge","LAL","","6-04","188","Tortola, British Virgin Islan","","2024","1998-12-20","25","7","5.6","2.0","0.0","0.7"
"Lonnie Walker","BRK","SG","6-05","205","Reading, PA","","2019","1998-12-14","25","58","16.9","9.7","2.2","1.3"
"Grant Williams","DAL","PF","6-06","236","Houston, TX","","2020","1998-11-30","25","47","27.6","10.3","4.2","2.3"
"Jermaine Samuels","HOU","PF","6-07","230","Franklin, Massachusetts","","2024","1998-11-13","25","12","4.4","1.7","1.1","0.2"
"Jordan Goodwin","PHO","","6-03","200","Belleville, IL","","2022","1998-10-23","25","38","18.6","6.7","4.6","2.8"
"Jericho Sims","NYK","C","6-10","245","Minneapolis, Minnesota","","2022","1998-10-20","25","45","13.0","2.1","3.5","0.6"
"Herb Jones","NOP","SG","6-08","210","","","2022","1998-10-06","25","82","30.3","11.0","3.6","2.6"
"Daniel Gafford","WAS","C","6-10","233","El Dorado, Arkansas","","2020","1998-10-01","25","45","23.7","10.7","7.3","1.5"
"Trae Young","ATL","PG","6-01","180","Lubbock, Texas","","2019","1998-09-19","25","55","35.4","25.7","2.8","10.8"
"Jordan Nwora","IND","PF","6-07","225","","","2021","1998-09-09","25","15","14.2","7.6","3.1","1.3"
"Davion Mitchell","SAC","PG","6-02","205","","","2022","1998-09-05","25","73","15.1","5.4","1.4","1.8"
"Nickeil Alexander-Walker","MIN","SG","6-05","205","","","2020","1998-09-02","25","90","23.5","8.1","2.1","2.5"
"Josh Okogie","PHO","SF","6-04","211","Lagos, Nigeria","","2019","1998-09-01","25","63","15.1","4.6","2.5","1.0"
"Kevin Huerter","SAC","SG","6-07","190","Albany, New York","","2019","1998-08-27","25","63","24.4","10.4","3.5","2.6"
"PJ Washington","CHH","PF","6-07","228","Louisville, Kentucky","","2020","1998-08-23","25","44","30.5","13.0","5.7","1.8"
"Chuma Okeke","ORL","PF","6-08","230","","","2021","1998-08-18","25","46","9.1","2.5","1.7","0.5"
"Bruno Fernando","ATL","C","6-09","240","Luanda, Angola","","2020","1998-08-15","25","45","14.8","6.4","4.3","1.0"
"Isaiah Livers","DET","PF","6-07","230","Kalamazoo, Michigan","","2022","1998-07-28","25","23","20.0","5.0","2.1","1.1"
"Frank Ntilikina","CHH","PG","6-04","190","Ixelles, Belgium","","2018","1998-07-28","25","5","8.0","1.0","1.2","0.8"
"Deandre Ayton","POR","C","6-11","250","Nassau, Bahamas","","2019","1998-07-23","25","55","31.9","16.7","11.0","1.6"
"Jacob Gilyard","MEM","PG","5-09","160","Kansas City, Missouri","","2023","1998-07-14","25","35","17.4","4.4","1.2","3.5"
"Shai Gilgeous-Alexander","OKC","SG","6-05","181","","","2019","1998-07-12","25","82","33.9","30.0","5.7","6.2"
"Michael Porter","DEN","SF","6-10","210","Columbia, Missouri","","2020","1998-06-29","25","90","31.8","16.9","6.9","1.5"
"Desmond Bane","MEM","SG","6-06","215","","","2021","1998-06-25","25","42","33.9","23.7","4.5","5.3"
"Oshae Brissett","BOS","PF","6-07","210","Toronto, Canada","","2020","1998-06-20","25","58","10.6","3.6","2.9","0.8"
"Omer Yurtseven","UTA","C","7-00","264","","","2022","1998-06-19","25","45","11.5","4.9","4.6","0.6"
"Trent Forrest","ATL","PG","6-04","210","Dothan, Alabama","","2021","1998-06-12","25","38","10.4","2.2","1.3","2.4"
"Armoni Brooks","BRK","","6-03","195","Round Rock, TX","","2021","1998-06-05","25","10","9.9","4.2","1.9","0.5"
"Markelle Fultz","ORL","PG","6-03","200","","","2018","1998-05-29","25","50","19.8","7.6","3.0","2.6"
"Austin Reaves","LAL","SG","6-05","206","","","2022","1998-05-29","25","89","31.7","16.0","4.2","5.3"
"De'Anthony Melton","PHI","SG","6-02","200","North Hollywood, California","","2019","1998-05-28","25","39","26.0","10.8","3.6","2.8"
"Jordan Ford","SAC","","6-01","175","—","","2024","1998-05-26","25","6","3.3","2.0","0.3","0.3"
"Mohamed Bamba","PHI","C","7-00","221","Harlem, NY","","2019","1998-05-12","26","55","12.9","4.6","4.3","0.7"
"Malachi Flynn","TOR","PG","6-01","185","","","2021","1998-05-10","26","31","12.7","5.8","1.8","2.0"
"Isaiah Hartenstein","NYK","C","7-00","249","Eugene, Oregon","","2019","1998-05-05","26","85","25.4","8.0","8.2","2.7"
"Harry Giles","BRK","C","6-11","240","Winstom-Salem, NC","","2019","1998-04-22","26","14","4.6","2.9","1.6","0.3"
"Jarrett Allen","CLE","C","6-11","237","Austin, Texas","","2018","1998-04-21","26","81","31.2","16.5","10.7","2.6"
"Jose Alvarado","NOP","PG","6-00","179","Brooklyn, New York","","2022","1998-04-12","26","62","17.8","6.8","2.2","2.2"
"Micah Potter","UTA","PF","6-10","248","Mentor, OH","","2022","1998-04-06","26","15","11.7","3.5","2.9","0.4"
"Mitchell Robinson","NYK","C","7-00","223","Pensacola, Florida","","2019","1998-04-01","26","37","23.4","5.1","8.1","0.6"
"Lindell Wigginton","MIL","","6-02","189","Halifax, Canada","","2022","1998-03-28","26","2","3.0","3.0","0.0","0.0"
"Miles Bridges","CHH","PF","6-06","225","Flint, MI","","2019","1998-03-21","26","69","36.9","21.0","7.2","3.4"
"Obi Toppin","IND","PF","6-09","220","","","2021","1998-03-04","26","93","20.5","10.5","3.9","1.5"
"Jayson Tatum","BOS","PF","6-08","208","St. Louis, MO","","2018","1998-03-03","26","82","35.5","26.5","8.4","5.0"
"Rui Hachimura","LAL","SF","6-08","230","","","2020","1998-02-08","26","75","26.5","13.0","4.2","1.1"
"Malik Monk","SAC","SG","6-03","200","Jonesboro, AR","","2018","1998-02-04","26","72","25.5","15.4","2.9","5.1"
"Jalen McDaniels","TOR","PF","6-10","195","Federal Way, WA","","2020","1998-01-31","26","50","10.3","3.4","1.6","0.8"
"Payton Pritchard","BOS","PG","6-02","190","Tualatin, Oregon","","2021","1998-01-28","26","90","21.8","9.4","3.2","3.4"
"Naji Marshall","NOP","SF","6-07","220","Atlantic City, New Jersey","","2021","1998-01-24","26","71","18.8","7.2","3.6","1.9"
"James Huff","DEN","C","7-01","240","Durham, NC","","2022","1998-01-01","26","15","2.6","1.4","0.7","0.1"
"Dru Smith","MIA","","6-03","203","","","2023","1997-12-30","26","9","14.1","4.1","1.7","1.6"
"De'Aaron Fox","SAC","PG","6-03","175","","","2018","1997-12-20","26","76","35.5","26.6","4.6","5.6"
"Sam Hauser","BOS","SF","6-08","218","Green Bay, Wisconsin","","2022","1997-12-08","26","87","20.9","8.7","3.3","1.0"
"De'Andre Hunter","ATL","PF","6-07","225","","","2020","1997-12-01","26","58","29.2","15.5","3.9","1.6"
"Nick Richards","CHH","C","6-11","247","Kingston, Jamaica","","2021","1997-11-29","26","67","25.7","9.7","8.0","0.8"
"Dennis Smith","BRK","PG","6-02","195","Godwin, NC","","2018","1997-11-25","26","56","18.4","6.6","2.9","3.6"
"Zach Collins","SAS","C","6-11","235","","","2018","1997-11-19","26","69","21.8","11.3","5.3","2.8"
"Robert Williams","POR","","6-08","240","Shreveport, LA","","2019","1997-10-17","26","6","19.3","6.8","6.2","0.8"
"Jonathan Isaac","ORL","PF","6-11","210","","","2018","1997-10-03","26","65","15.8","6.7","4.5","0.5"
"John Collins","UTA","C","6-09","235","","","2018","1997-09-23","26","68","27.5","15.1","8.4","1.1"
"Skylar Mays","POR","PG","6-04","205","Baton Rouge, LA","","2021","1997-09-05","26","20","12.3","4.6","1.3","2.4"
"Brandon Ingram","NOP","SF","6-07","190","","","2017","1997-09-02","26","70","32.4","20.3","5.0","5.5"
"DaQuan Jeffries","NYK","","6-05","230","","","2022","1997-08-30","26","14","3.6","1.4","0.6","0.4"
"Thomas Bryant","MIA","C","6-10","248","Rochester, NY","","2018","1997-07-31","26","41","10.7","5.7","3.6","0.6"
"Lindy Waters","OKC","SG","6-06","215","","","2022","1997-07-28","26","36","7.4","3.8","1.1","0.7"
"Furkan Korkmaz","PHI","","6-07","185","Bakirkoy, Turkey","","2018","1997-07-24","26","35","8.1","2.5","0.9","0.7"
"Bam Adebayo","MIA","C","6-09","255","Newark, New Jersey","","2018","1997-07-18","26","78","33.7","19.3","10.3","3.8"
"OG Anunoby","TOR","SF","6-07","232","London, England","","2018","1997-07-17","26","27","34.3","14.8","4.5","2.0"
"Lamar Stevens","BOS","PF","6-08","225","Philadelphia, PA","","2021","1997-07-09","26","17","15.0","7.6","3.5","0.8"
"Ty Jerome","CLE","","6-05","195","New York, NY","","2020","1997-07-07","26","2","7.0","2.0","0.5","1.5"
"Kevon Harris","ORL","SF","6-06","216","Ellenwood, GA","","2023","1997-06-24","26","2","2.5","2.0","1.0","0.5"
"Amir Coffey","LAC","SF","6-07","210","","","2020","1997-06-17","26","75","20.5","6.4","2.1","1.0"
"Chris Duarte","SAC","SG","6-06","190","","","2022","1997-06-14","26","57","12.0","4.0","1.8","0.8"
"Svi Mykhailiuk","BOS","SF","6-07","205","","","2024","1997-06-10","26","34","10.4","4.4","1.4","1.1"
"Sviatoslav Mykhailiuk","BOS","","6-07","205","Cherkasy, Ukraine","","2019","1997-06-10","26","8","6.9","2.0","0.5","0.1"
"Lauri Markkanen","UTA","PF","7-00","240","Vantaa, Finland","","2018","1997-05-22","26","55","32.5","23.2","8.2","2.0"
"Moe Wagner","ORL","C","6-11","245","","","2019","1997-04-26","27","87","16.9","10.5","4.3","1.1"
"Matt Ryan","NOP","SF","6-07","215","","","2022","1997-04-17","27","28","13.5","5.4","1.4","0.6"
"Admiral Schofield","ORL","SF","6-05","241","London, England","","2020","1997-03-30","27","19","3.7","1.4","0.9","0.4"
"Chimezie Metu","PHO","PF","6-09","225","Los Angeles, CA","","2019","1997-03-22","27","35","17.0","6.8","4.0","0.9"
"Ivica Zubac","LAC","C","7-00","240","—","","2017","1997-03-18","27","74","26.3","12.0","9.2","1.3"
"Landry Shamet","WAS","PG","6-04","190","Kansas City, MO","","2022","1997-03-13","27","46","15.4","7.1","1.3","1.2"
"Matisse Thybulle","POR","SF","6-05","200","Scottsdale, Arizona","","2020","1997-03-04","27","65","22.4","5.4","2.1","1.4"
"Trevelin Queen","ORL","SG","6-06","190","Baltimore, MD","","2022","1997-02-25","27","14","11.4","2.9","1.4","1.3"
"Jamal Murray","DEN","PG","6-04","207","Kitchener, Canada","","2017","1997-02-23","27","68","32.0","21.1","4.2","6.5"
"Derrick Jones","DAL","SF","6-06","200","Chester, PA","","2017","1997-02-15","27","85","23.7","8.6","3.4","1.0"
"Braxton Key","DEN","PF","6-08","230","Charlotte, NC","","2022","1997-02-14","27","16","3.1","1.4","1.1","0.6"
"Eugene Omoruyi","WAS","C","6-06","235","","","2022","1997-02-14","27","42","8.9","4.9","2.0","0.8"
"Drew Eubanks","PHO","C","6-09","250","Starkville, MS","","2019","1997-02-01","27","78","15.1","5.1","4.2","0.8"
"Donte DiVincenzo","NYK","SG","6-04","203","Newark, DE","","2019","1997-01-31","27","91","29.4","15.7","3.7","2.7"
"Haywood Highsmith","MIA","PF","6-07","220","Baltimore, Maryland","","2019","1996-12-09","27","73","20.9","6.2","3.2","1.1"
"Malik Beasley","MIL","SG","6-04","195","Atlanta, Georgia","","2017","1996-11-26","27","85","28.6","11.1","3.6","1.3"
"Dean Wade","CLE","PF","6-09","228","Wichita, Kansas","","2020","1996-11-20","27","55","19.9","5.4","4.1","0.9"
"Kaiser Gates","NOP","","6-08","227","Alpharetta, GA","","2024","1996-11-08","27","1","7.0","0.0","1.0","0.0"
"Devin Booker","PHO","PG","6-05","210","","","2016","1996-10-30","27","72","35.8","27.1","4.4","6.9"
"Garrison Mathews","ATL","SG","6-05","204","Franklin, Tennessee","","2020","1996-10-24","27","66","14.8","5.0","1.4","0.6"
"Jaylen Brown","BOS","SF","6-06","220","Marietta, Georgia","","2017","1996-10-24","27","78","33.1","23.1","5.7","3.4"
"Terance Mann","LAC","SG","6-05","215","","","2020","1996-10-18","27","81","24.9","8.8","3.5","1.6"
"Aaron Holiday","HOU","PG","6-00","185","Ruston, LA","","2019","1996-09-30","27","78","15.8","6.6","1.6","1.8"
"Shake Milton","MIN","","6-05","205","Owasso, Oklahoma","","2019","1996-09-26","27","37","12.3","4.8","1.6","1.3"
"Dylan Windler","NYK","","6-06","200","Indianapolis, IN","","2021","1996-09-22","27","3","2.0","1.0","0.3","0.3"
"Brandon Clarke","MEM","PF","6-08","215","Vancouver, Canada","","2020","1996-09-19","27","6","21.8","11.3","5.3","1.5"
"Dejounte Murray","ATL","SG","6-04","170","Seattle, Washington","","2017","1996-09-19","27","79","35.3","22.6","5.4","6.4"
"Donovan Mitchell","CLE","SG","6-01","215","Greenwich, Connecticut","","2018","1996-09-07","27","65","35.3","27.0","5.2","5.8"
"Jalen Brunson","NYK","PG","6-01","190","New Brunswick, New Jersey","","2019","1996-08-31","27","87","35.5","29.2","3.6","6.9"
"Mikal Bridges","BRK","SF","6-06","210","Philadelphia, Pennsylvania","","2019","1996-08-30","27","82","34.3","19.6","4.5","3.7"
"Bruce Brown","IND","SG","6-04","202","Boston, Massachusetts","","2019","1996-08-15","27","34","27.2","10.7","4.2","2.8"
"Ben Simmons","BRK","PG","6-10","230","Melbourne, Australia","","2018","1996-07-20","27","15","23.5","6.1","8.0","5.7"
"Duop Reath","POR","C","6-11","244","","","2024","1996-06-26","27","68","17.5","9.1","3.7","1.0"
"Luke Kennard","MEM","SG","6-05","206","","","2018","1996-06-24","27","39","25.1","11.0","2.9","3.5"
"Gabe Vincent","LAL","PG","6-03","200","Modesto, CA","","2020","1996-06-14","27","17","17.5","2.9","1.2","1.5"
"Sam Merrill","CLE","SG","6-05","205","Salt Lake City, Utah","","2021","1996-05-15","27","68","16.4","7.4","1.9","1.7"
"Tyus Jones","WAS","PG","6-00","184","Burnsville, MN","","2016","1996-05-10","28","66","28.9","12.0","2.7","7.3"
"Domantas Sabonis","SAC","C","6-11","240","Portland, Oregon","","2017","1996-05-03","28","84","35.2","19.5","13.6","8.1"
"Jordan McLaughlin","MIN","PG","5-11","185","Pasadena, California","","2020","1996-04-09","28","60","10.2","3.3","1.2","1.9"
"Max Strus","CLE","SF","6-05","215","Hickory Hills, IL","","2020","1996-03-28","28","80","31.8","11.8","4.8","3.7"
"Myles Turner","IND","C","6-11","250","","","2016","1996-03-24","28","88","27.1","17.1","6.9","1.4"
"John Konchar","MEM","PG","6-05","210","West Chicago, Illinois","","2023","1996-03-22","28","54","21.2","4.4","4.7","2.0"
"Cameron Johnson","BRK","PF","6-08","210","Moon Township, Pennsylvania","","2020","1996-03-03","28","58","27.1","13.3","4.3","2.4"
"D'Angelo Russell","LAL","PG","6-04","198","Louisville, KY","","2016","1996-02-23","28","83","32.4","17.8","3.0","6.2"
"Kevon Looney","GSW","C","6-09","220","Milwaukee, Wisconsin","","2016","1996-02-06","28","74","15.5","4.5","5.6","1.8"
"Keita Bates-Diop","PHO","SF","6-08","235","Normal, IL","","2019","1996-01-23","28","39","12.2","3.7","2.1","0.7"
"Dillon Brooks","HOU","SF","6-07","220","Mississauga, Canada","","2018","1996-01-22","28","72","30.4","12.7","3.4","1.6"
"Kelly Oubre","PHI","SF","6-07","205","New Orleans, LA","","2016","1995-12-09","28","75","30.4","15.2","5.0","1.5"
"Simone Fontecchio","UTA","SF","6-07","201","","","2023","1995-12-09","28","50","24.6","10.5","3.7","1.5"
"Karl-Anthony Towns","MIN","PF","6-11","248","Edison, New Jersey","","2016","1995-11-15","28","70","32.4","21.4","8.4","3.0"
"Trey Lyles","SAC","PF","6-09","234","Saskatoon, Canada","","2016","1995-11-05","28","60","19.4","7.1","4.4","1.2"
"Jae'sean Tate","HOU","PF","6-04","230","","","2021","1995-10-28","28","65","15.4","4.1","3.0","1.0"
"Jock Landale","HOU","C","6-11","255","Melbourne, Australia","","2022","1995-10-25","28","55","13.3","5.0","3.1","1.2"
"Jakob Poeltl","TOR","C","7-01","230","Vienna, Austria","","2017","1995-10-15","28","50","25.8","11.1","8.6","2.5"
"Grayson Allen","PHO","SF","6-04","198","Jacksonville, FL","","2019","1995-10-08","28","77","32.7","13.3","3.9","3.0"
"Cody Martin","CHH","SF","6-05","200","Mocksville, NC","","2020","1995-09-28","28","28","26.4","7.5","3.9","3.7"
"Caleb Martin","MIA","PF","6-05","200","Mocksville, North Carolina","","2020","1995-09-28","28","71","27.3","10.0","4.3","2.1"
"Christian Wood","LAL","","6-10","214","Long Beach, California","","2016","1995-09-27","28","50","16.9","6.9","5.1","1.0"
"Aaron Gordon","DEN","PF","6-08","220","San Jose, California","","2015","1995-09-16","28","82","31.7","14.0","6.5","3.7"
"Jevon Carter","CHI","PG","6-01","196","Maywood, Illinois","","2019","1995-09-14","28","73","13.3","4.9","0.8","1.3"
"Sasha Vezenkov","SAC","PF","6-09","225","Nicosia, Cyprus","","2024","1995-08-06","28","44","11.4","5.2","2.2","0.4"
"Kristaps Porzingis","BOS","C","7-03","240","Liepaja, Latvia","","2016","1995-08-02","28","61","28.9","19.5","7.0","2.0"
"Kyle Kuzma","WAS","PF","6-08","220","Flint, Michigan","","2018","1995-07-24","28","70","32.2","22.2","6.6","4.2"
"Luke Kornet","BOS","C","7-02","250","","","2018","1995-07-15","28","69","14.8","5.1","4.2","1.0"
"Dante Exum","DAL","PG","6-05","190","Melbourne, Australia","","2015","1995-07-13","28","64","17.7","6.9","2.5","2.5"
"Damian Jones","CLE","C","6-11","245","Baton Rouge, LA","","2017","1995-06-30","28","36","7.1","3.0","1.8","0.5"
"Monte Morris","DET","PG","6-02","175","Grand Rapids, MI","","2018","1995-06-27","28","6","12.9","4.5","1.6","1.9"
"Cedi Osman","SAS","SF","6-07","215","","","2018","1995-04-08","29","72","17.3","6.8","2.5","1.7"
"Zach LaVine","CHI","SG","6-06","200","","","2015","1995-03-10","29","25","34.4","19.4","5.2","3.9"
"Josh Hart","NYK","SF","6-05","215","Silver Spring, Maryland","","2018","1995-03-06","29","91","34.1","10.2","8.8","4.2"
"Andrew Wiggins","GSW","SF","6-07","202","Toronto, Canada","","2015","1995-02-23","29","72","26.5","13.2","4.5","1.7"
"Devonte' Graham","SAS","SG","6-01","185","Raleigh, North Carolina","","2019","1995-02-22","29","23","13.1","5.0","1.6","2.1"
"Nikola Jokic","DEN","C","7-00","250","Sombor, Serbia-Montenegro","","2016","1995-02-19","29","88","34.7","26.5","12.5","8.9"
"Bobby Portis","MIL","C","6-10","250","Little Rock, Arkansas","","2016","1995-02-10","29","88","24.4","14.0","7.7","1.3"
"Xavier Moon","LAC","PG","6-02","190","Goodwater, AL","","2022","1995-01-02","29","13","8.5","2.5","1.4","1.6"
"Giannis Antetokounmpo","MIL","PF","6-11","242","Athens, Greece","","2014","1994-12-06","29","73","34.6","30.4","11.5","6.5"
"Kenrich Williams","OKC","SF","6-06","210","Waco, Texas","","2019","1994-12-02","29","74","13.7","4.4","2.9","1.3"
"Julius Randle","NYK","PF","6-08","250","Dallas, Texas","","2015","1994-11-29","29","46","35.1","23.9","9.2","4.9"
"Yuta Watanabe","PHO","","6-08","205","Miki, Japan","","2019","1994-10-13","29","27","14.1","3.7","1.7","0.4"
"Gary Harris","ORL","SG","6-04","210","Fishers, Indiana","","2015","1994-09-14","29","60","23.7","6.6","1.7","1.5"
"Ish Wainright","POR","PF","6-05","235","Kansas City, MO","","2022","1994-09-12","29","7","5.5","2.3","1.4","0.1"
"Caris LeVert","CLE","SF","6-06","204","Columbus, Ohio","","2017","1994-08-25","29","78","27.7","13.4","4.0","4.7"
"Jusuf Nurkic","PHO","C","7-00","275","Tuzla, Bosnia","","2015","1994-08-23","29","80","26.8","10.8","10.9","3.9"
"Cameron Payne","MIL","PG","6-03","190","Memphis, Tennessee","","2016","1994-08-08","29","47","15.9","7.2","1.5","2.5"
"Derrick White","BOS","PG","6-04","190","Parker, Colorado","","2018","1994-07-02","29","81","32.2","15.7","4.1","5.0"
"Clint Capela","ATL","C","6-10","240","Geneva, Switzerland","","2015","1994-05-18","29","74","25.4","11.6","10.7","1.3"
"Duncan Robinson","MIA","SG","6-07","210","York, Maine","","2019","1994-04-22","30","74","26.2","12.1","2.4","2.7"
"Dario Saric","GSW","PF","6-10","250","Sibenik, Croatia","","2017","1994-04-08","30","64","16.7","8.0","4.4","2.2"
"Ryan Arcidiacono","NYK","SG","6-03","200","","","2018","1994-03-26","30","16","2.1","0.0","0.6","0.2"
"Taurean Prince","LAL","SF","6-07","220","San Marcos, Texas","","2017","1994-03-22","30","85","26.0","8.8","2.9","1.5"
"Kris Dunn","UTA","PG","6-03","205","New London, Connecticut","","2017","1994-03-18","30","64","19.0","5.6","3.0","3.9"
"Terry Rozier","CHH","PG","6-01","190","Youngstown, Ohio","","2016","1994-03-17","30","30","33.0","19.8","4.1","5.6"
"Joel Embiid","PHI","C","7-00","260","Yaounde, Cameroon","","2017","1994-03-16","30","46","34.2","34.3","11.0","5.6"
"Jerami Grant","POR","PF","6-08","220","Portland, Oregon","","2015","1994-03-12","30","54","33.4","21.0","3.5","2.8"
"Marcus Smart","MEM","PG","6-03","220","","","2015","1994-03-06","30","20","30.2","14.5","2.7","4.2"
"Alex Caruso","CHI","SF","6-05","186","College Station, Texas","","2018","1994-02-28","30","73","28.3","10.0","3.8","3.5"
"Fred VanVleet","HOU","PG","6-01","195","Rockford, IL","","2017","1994-02-25","30","73","36.3","17.4","3.8","8.0"
"Pascal Siakam","TOR","PF","6-09","230","Douala, Cameroon","","2017","1994-02-04","30","39","32.9","21.6","7.2","4.2"
"Vasilije Micic","OKC","PG","6-06","202","Kraljevo, Serbia-Montenegro","","2024","1994-01-13","30","30","19.1","7.0","1.5","4.4"
"Buddy Hield","IND","SG","6-04","214","Freeport, Bahamas","","2017","1993-12-17","30","53","24.6","11.7","3.1","2.7"
"Richaun Holmes","DAL","C","6-10","235","Lockport, IL","","2016","1993-10-15","30","23","13.4","5.0","4.6","0.6"
"Shaquille Harrison","MEM","","6-07","190","Kansas City, MO","","2018","1993-10-06","30","3","1.7","0.7","0.3","0.0"
"Kyle Anderson","MIN","PF","6-09","230","New York, NY","","2015","1993-09-20","30","86","21.5","6.1","3.4","4.0"
"Dennis Schroder","TOR","PG","6-01","172","Braunschweig, Germany","","2014","1993-09-15","30","51","30.6","14.0","3.0","6.1"
"Josh Richardson","MIA","PG","6-05","200","Edmond, OK","","2016","1993-09-15","30","43","24.8","9.9","2.8","2.4"
"Andre Drummond","CHI","C","6-10","279","Mount Vernon, New York","","2013","1993-08-10","30","81","16.5","8.3","8.8","0.5"
"Steven Adams","MEM","PF","6-11","265","Rotorua, New Zealand","","2014","1993-07-20","30","1","15.0","7.0","7.0","1.0"
"Bradley Beal","PHO","SG","6-03","207","","","2013","1993-06-28","30","57","33.2","18.1","4.3","4.9"
"Georges Niang","CLE","PF","6-07","230","","","2017","1993-06-17","30","90","21.0","8.8","3.2","1.1"
"Alex Len","SAC","C","7-00","250","Antratsit, Ukraine","","2014","1993-06-16","30","49","8.8","2.4","2.7","1.0"
"Danuel House","PHI","SF","6-06","207","Sugar Land, Texas","","2018","1993-06-07","30","34","14.5","4.2","1.7","0.8"
"Royce O'Neale","BRK","PF","6-04","226","Killeen, Texas","","2018","1993-06-05","30","49","24.3","7.6","4.8","2.7"
"Otto Porter","TOR","","6-08","198","St. Louis, Missouri","","2014","1993-06-03","30","15","11.1","2.6","2.0","0.5"
"Norman Powell","LAC","SG","6-03","215","San Diego, California","","2016","1993-05-25","30","82","26.0","13.8","2.6","1.0"
"Dorian Finney-Smith","BRK","PF","6-07","220","Portsmouth, Virginia","","2017","1993-05-04","31","68","28.2","8.6","4.7","1.6"
"Juan Toscano-Anderson","SAC","PF","6-06","215","Oakland, CA","","2020","1993-04-10","31","9","5.2","0.8","1.6","0.4"
"Spencer Dinwiddie","BRK","PG","6-05","210","Los Angeles, California","","2015","1993-04-06","31","48","26.8","9.9","2.6","4.4"
"Anthony Davis","LAL","C","6-10","253","","","2013","1993-03-11","31","83","35.6","25.0","13.0","3.5"
"Kentavious Caldwell-Pope","DEN","SG","6-05","205","Thomaston, Georgia","","2014","1993-02-18","31","85","31.4","9.8","2.4","2.4"
"Chris Boucher","TOR","C","6-09","200","Castries, St. Lucia","","2018","1993-01-11","31","50","13.6","6.5","4.1","0.5"
"Pat Connaughton","MIL","SF","6-05","209","Arlington, Massachusetts","","2016","1993-01-06","31","82","21.5","5.5","3.2","2.1"
"Larry Nance","NOP","C","6-07","230","","","2016","1993-01-01","31","67","19.6","5.9","5.3","1.9"
"Malcolm Brogdon","POR","PG","6-05","224","Norcross, GA","","2017","1992-12-11","31","40","28.3","15.7","3.8","5.4"
"Gary Payton II","GSW","","6-03","190","Seattle, WA","","2017","1992-12-01","31","43","15.0","5.4","2.5","1.1"
"Davis Bertans","OKC","PF","6-10","225","Valmiera, Latvia","","2017","1992-11-12","31","13","15.9","7.1","1.5","0.9"
"Evan Fournier","NYK","SF","6-07","205","Saint-Maurice, France","","2013","1992-10-29","31","4","17.6","6.9","1.8","1.5"
"Anthony Gill","WAS","C","6-08","230","Charlottesville, Virginia","","2021","1992-10-17","31","43","10.3","4.4","2.2","0.8"
"Cody Zeller","NOP","C","7-00","240","Washington, IN","","2014","1992-10-05","31","42","7.2","1.8","2.7","0.9"
"Bismack Biyombo","MEM","C","6-08","255","Lubumbashi, Congo","","2012","1992-08-28","31","29","19.7","4.5","5.3","1.4"
"Bogdan Bogdanovic","ATL","SG","6-06","205","Belgrade, Serbia-Montenegro","","2018","1992-08-18","31","80","30.0","16.9","3.4","3.2"
"Thanasis Antetokounmpo","MIL","PF","6-06","215","Athens, Greece","","2016","1992-07-17","31","31","4.5","1.0","0.4","0.5"
"Tobias Harris","PHI","PF","6-08","235","Islip, New York","","2012","1992-07-15","31","77","33.5","16.5","6.6","3.0"
"Rudy Gobert","MIN","C","7-01","245","Saint-Quentin, France","","2014","1992-06-26","31","83","33.5","13.8","12.7","1.4"
"Jordan Clarkson","UTA","SG","6-04","194","","","2015","1992-06-07","31","55","30.1","17.1","3.4","5.1"
"Harrison Barnes","SAC","SF","6-08","225","","","2013","1992-05-30","31","84","28.7","12.3","3.1","1.3"
"Jonas Valanciunas","NOP","C","6-11","265","","","2013","1992-05-06","32","88","22.9","12.3","9.0","2.1"
"Delon Wright","WAS","PG","6-05","183","Los Angeles, California","","2016","1992-04-26","32","33","16.2","4.8","2.0","2.4"
"Daniel Theis","LAC","C","6-08","243","Salzgitter, Germany","","2018","1992-04-04","32","60","16.4","6.3","4.0","1.0"
"T.J. McConnell","IND","PG","6-01","190","","","2016","1992-03-25","32","82","17.8","10.3","2.7","5.5"
"Kyrie Irving","DAL","SG","6-02","193","Melbourne, Australia","","2012","1992-03-23","32","67","35.1","25.3","5.0","5.2"
"Tim Hardaway Jr","DAL","SF","6-05","205","Orinda, CA","","2023","1992-03-16","32","84","25.6","14.0","3.1","1.7"
"Maxi Kleber","DAL","C","6-10","240","","","2018","1992-01-29","32","49","19.7","4.6","3.2","1.6"
"Doug McDermott","SAS","PF","6-07","225","","","2015","1992-01-03","32","46","13.3","5.3","0.9","1.1"
"C.J. McCollum","NOP","PG","6-03","190","Canton, OH","","2014","1991-09-19","32","72","32.5","19.6","4.3","4.6"
"Joe Harris","DET","","6-06","218","Chelan, WA","","2015","1991-09-07","32","16","10.1","2.4","0.8","0.6"
"Cory Joseph","GSW","PG","6-03","193","Toronto, Canada","","2012","1991-08-20","32","26","10.9","2.4","1.2","1.6"
"Khris Middleton","MIL","SF","6-07","222","North Charleston, South Carolina","","2013","1991-08-12","32","61","27.6","16.0","5.1","5.2"
"Alec Burks","DET","SG","6-06","214","Grandview, MO","","2012","1991-07-20","32","44","17.6","10.4","2.3","1.3"
"Dwight Powell","DAL","C","6-10","240","Toronto, Canada","","2015","1991-07-20","32","62","13.1","3.4","3.5","1.4"
"Mike Muscala","WAS","C","6-10","240","St. Louis Park, MN","","2014","1991-07-01","32","24","11.3","3.1","2.4","0.7"
"Kawhi Leonard","LAC","PF","6-07","230","","","2012","1991-06-29","32","70","33.7","23.4","6.1","3.6"
"Kelly Olynyk","UTA","C","6-11","240","Toronto, Canada","","2014","1991-04-19","33","50","22.0","9.8","5.3","4.4"
"Reggie Bullock","HOU","SG","6-06","205","Baltimore, Maryland","","2014","1991-03-16","33","43","9.2","2.2","1.7","0.3"
"Tristan Thompson","CLE","C","6-09","238","Brampton, Canada","","2012","1991-03-13","33","56","10.6","3.1","3.3","1.0"
"Torrey Craig","CHI","SF","6-07","215","Columbia, South Carolina","","2018","1990-12-19","33","55","18.8","5.6","4.0","1.1"
"Robert Covington","LAC","","6-07","225","","","2014","1990-12-14","33","3","16.4","4.4","3.3","0.9"
"Nikola Vucevic","CHI","C","6-11","260","Morges, Switzerland","","2012","1990-10-24","33","78","33.9","18.1","10.5","3.3"
"Seth Curry","DAL","SG","6-02","185","","","2014","1990-08-23","33","34","14.1","5.4","1.6","1.0"
"Damian Lillard","MIL","PG","6-02","195","Oakland, CA","","2013","1990-07-15","33","77","35.0","24.7","4.3","6.9"
"Jae Crowder","MIL","SF","6-06","235","Villa Rica, Georgia","","2013","1990-07-06","33","54","21.7","5.9","3.1","1.3"
"Jrue Holiday","BOS","SG","6-03","205","Mission Hills, CA","","2010","1990-06-12","33","77","32.6","12.1","5.4","4.7"
"Paul George","LAC","SF","6-08","220","","","2011","1990-05-02","34","80","33.6","22.3","5.4","3.6"
"Reggie Jackson","DEN","PG","6-03","208","Pordenone, Italy","","2012","1990-04-16","34","91","20.5","9.6","1.9","3.5"
"Gordon Hayward","CHH","SF","6-07","225","Brownsburg, Indiana","","2011","1990-03-23","34","25","21.7","8.6","3.2","2.7"
"Mason Plumlee","LAC","C","6-11","235","Warsaw, Indiana","","2014","1990-03-05","34","51","14.0","5.2","5.0","1.2"
"Draymond Green","GSW","C","6-06","230","Saginaw, Michigan","","2013","1990-03-04","34","55","26.7","8.7","7.1","6.0"
"Klay Thompson","GSW","SG","6-06","215","Los Angeles, California","","2012","1990-02-08","34","77","29.3","17.6","3.3","2.3"
"Jimmy Butler","MIA","SF","6-07","236","Houston, Texas","","2012","1989-09-14","34","61","33.8","20.7","5.3","5.0"
"Markieff Morris","DAL","C","6-08","245","Philadelphia, PA","","2012","1989-09-02","34","25","8.1","2.6","1.6","0.6"
"Marcus Morris","PHI","PF","6-08","235","Philadelphia, PA","","2012","1989-09-02","34","37","15.7","6.1","2.7","0.7"
"James Harden","LAC","PG","6-05","220","","","2010","1989-08-26","34","78","34.3","16.9","5.1","8.5"
"DeMar DeRozan","CHI","SF","6-06","220","Compton, California","","2010","1989-08-07","34","81","37.4","24.0","4.3","5.3"
"Bojan Bogdanovic","DET","PF","6-08","216","Mostar, Bosnia","","2015","1989-04-18","35","29","24.9","14.8","2.8","1.7"
"Justin Holiday","DEN","SG","6-06","181","Mission Hills, CA","","2013","1989-04-05","35","65","14.5","4.1","1.3","1.1"
"Eric Gordon","PHO","SG","6-03","215","Indianapolis, IN","","2009","1988-12-25","35","72","27.3","10.8","1.8","2.0"
"Nicolas Batum","LAC","PF","6-09","200","","","2009","1988-12-14","35","3","25.7","5.7","4.4","2.1"
"Russell Westbrook","LAC","PG","6-03","200","Long Beach, CA","","2009","1988-11-12","35","74","21.8","10.7","5.0","4.3"
"Derrick Rose","MEM","PG","6-02","190","Chicago, IL","","2009","1988-10-04","35","24","15.6","8.0","1.8","3.2"
"Kevin Durant","PHO","PF","6-10","240","Washington, District of Columbia","","2008","1988-09-29","35","79","36.9","27.1","6.6","4.9"
"Kevin Love","MIA","C","6-08","251","Santa Monica, California","","2009","1988-09-07","35","62","15.4","8.4","5.8","2.0"
"Boban Marjanovic","HOU","C","7-04","290","Zajecar, Yugoslavia","","2016","1988-08-15","35","13","5.1","3.5","2.5","0.4"
"Patrick Mills","ATL","","6-01","180","Canberra, Australia","","2010","1988-08-11","35","1","16.0","3.0","1.0","2.0"
"Danilo Gallinari","WAS","PF","6-10","225","Sant'Angelo Lodigiano, Italy","","2009","1988-08-08","35","26","12.3","5.5","2.2","1.1"
"DeAndre Jordan","DEN","C","6-11","265","Houston, Texas","","2009","1988-07-21","35","37","10.4","3.9","4.3","0.7"
"Patrick Beverley","PHI","PG","6-01","185","Chicago, IL","","2013","1988-07-12","35","47","20.7","6.3","3.3","3.1"
"Ish Smith","CHH","PG","6-00","175","Charlotte, North Carolina","","2011","1988-07-05","35","43","16.7","3.3","1.8","3.3"
"Thaddeus Young","TOR","C","6-08","221","New Orleans, Louisiana","","2008","1988-06-21","35","23","12.5","4.0","3.0","1.7"
"Robin Lopez","MIL","C","7-00","275","North Hollywood, CA","","2009","1988-04-01","36","14","4.1","1.3","0.4","0.3"
"Brook Lopez","MIL","C","7-00","270","Los Angeles, California","","2009","1988-04-01","36","85","30.2","12.9","5.1","1.6"
"Stephen Curry","GSW","PG","6-03","190","Akron, Ohio","","2010","1988-03-14","36","74","32.3","26.4","4.4","5.1"
"JaVale McGee","SAC","C","7-00","270","Flint, Michigan","","2009","1988-01-19","36","46","6.8","4.1","2.7","0.4"
"Mike Conley","MIN","PG","6-01","175","Fayetteville, Arkansas","","2008","1987-10-11","36","84","28.6","11.4","3.0","6.0"
"Joe Ingles","ORL","SF","6-07","226","Happy Valley, Australia","","2015","1987-10-02","36","75","16.0","4.1","2.1","2.9"
"Danny Green","PHI","","6-06","215","North Babylon, New York","","2010","1987-06-22","36","2","8.5","0.0","1.0","0.5"
"James Johnson","IND","PF","6-07","240","Cheyenne, WY","","2010","1987-02-20","37","8","5.4","1.0","0.5","1.0"
"Wesley Matthews","ATL","SG","6-04","220","San Antonio, TX","","2010","1986-10-14","37","37","10.9","3.0","1.4","0.6"
"Jeff Green","HOU","C","6-08","235","Cheverly, Maryland","","2008","1986-08-28","37","78","16.3","6.5","2.3","0.9"
"Al Horford","BOS","C","6-09","245","Puerto Plata, Dominican Republic","","2008","1986-06-03","37","73","26.4","8.5","6.4","2.5"
"Garrett Temple","TOR","SF","6-05","195","Baton Rouge, LA","","2010","1986-05-08","38","27","10.2","3.3","1.7","1.0"
"Kyle Lowry","MIA","PG","6-00","196","Philadelphia, Pennsylvania","","2007","1986-03-25","38","37","27.7","8.0","3.2","4.1"
"Taj Gibson","NYK","C","6-09","235","Brooklyn, NY","","2010","1985-06-24","38","13","11.4","2.0","2.2","0.6"
"Chris Paul","GSW","PG","6-01","175","Winston-Salem, North Carolina","","2006","1985-05-06","39","58","25.8","9.2","3.8","6.6"
"P.J. Tucker","PHI","PF","6-05","245","","","2007","1985-05-05","39","3","15.3","1.9","2.7","0.5"
"LeBron James","LAL","PF","6-09","250","Akron, OH","","2004","1984-12-30","39","78","35.2","25.7","7.3","8.3"
"Jamaree Bouyea","POR","","6-02","180","Salinas, CA","","2023","","54","6","9.0","1.7","1.7","1.2"
"Stanley Umude","DET","","6-06","210","Portland, OR","","2023","","54","22","13.3","5.8","2.3","0.5"
"Nate Williams","HOU","SG","6-05","215","Columbia, LA","","2024","1950-05-02","74","16","6.2","3.1","1.4","0.3"
"Mason Jones","SAC","PG","6-04","200","—","","2024","0000-00-00","—","4","6.0","1.8","1.2","1.2"
"Jahmi'us Ramsey","TOR","PG","6-04","190","—","","2024","0000-00-00","—","7","17.0","6.7","3.1","1.1"
"Andrew Funk","CHI","SG","6-05","200","—","","2024","0000-00-00","—","3","3.3","0.0","0.0","0.0"
"Quenton Jackson","IND","SG","6-05","173","—","","2024","0000-00-00","—","3","2.7","0.7","1.3","0.7"
"Henri Drell","CHI","PF","6-09","220","—","","2024","0000-00-00","—","4","7.0","2.8","1.0","1.0"
"Adam Flagler","OKC","SG","6-03","180","—","","2024","0000-00-00","—","2","6.5","1.5","0.0","2.0"
"DeJon Jarreau","MEM","PG","6-05","180","—","","2024","0000-00-00","—","9","16.1","4.8","4.9","2.9"
"Pat Spencer","GSW","PG","6-03","205","—","","2024","0000-00-00","—","4","5.0","1.0","1.0","1.2"
"Wenyen Gabriel","MEM","PF","6-09","205","—","","2024","0000-00-00","—","5","15.8","3.4","5.0","0.6"
"Izaiah Brockington","NOP","SG","6-04","196","—","","2024","0000-00-00","—","1","3.0","4.0","2.0","0.0"
"Jaylen Nowell","DET","SG","6-04","201","—","","2024","0000-00-00","—","4","14.0","7.5","2.5","0.8"
"T.J. Warren","MIN","SF","6-08","220","—","","2024","0000-00-00","—","13","9.9","3.2","1.9","0.8"
"Jeff Dowtin","PHI","PG","6-03","185","—","","2024","0000-00-00","—","11","12.3","4.7","1.8","2.5"
"Jalen Crutcher","NOP","PG","6-02","175","—","","2024","0000-00-00","—","1","2.0","0.0","0.0","0.0"
"Buddy Boeheim","DET","SG","6-05","205","—","","2024","0000-00-00","—","10","8.0","3.4","1.0","0.3"
"Maozinha Pereira","MEM","PF","6-08","177","—","","2024","0000-00-00","—","7","16.9","6.9","5.3","0.3"
"Jack White","MEM","PF","6-06","225","—","","2024","0000-00-00","—","4","15.5","1.5","3.0","0.2"
"Jamaree Bouyea","SAS","PG","6-02","180","—","","2024","0000-00-00","—","3","12.3","3.7","3.0","1.0"
"Isaiah Thomas","PHO","PG","5-09","185","—","","2024","0000-00-00","—","6","3.0","1.3","0.0","0.5"
"Tristan Vukcevic","WAS","C","6-10","220","—","","2024","0000-00-00","—","10","15.1","8.5","3.6","1.3"
"Kobi Simmons","TOR","PG","6-05","180","—","","2024","0000-00-00","—","4","16.5","5.0","1.8","3.0"
"David Duke","SAS","SG","6-04","205","—","","2024","0000-00-00","—","4","12.5","6.5","2.5","1.2"
"Raiquan Gray","SAS","C","6-07","269","—","","2024","0000-00-00","—","3","12.3","7.7","2.3","2.0"
"DJ Wilson","PHI","C","6-10","231","—","","2024","0000-00-00","—","1","13.0","10.0","2.0","2.0"
"Timmy Allen","MEM","SF","6-06","210","—","","2024","0000-00-00","—","5","24.8","2.6","3.4","1.0"
"Javonte Green","CHI","PF","6-05","205","—","","2024","0000-00-00","—","11","24.0","12.0","6.9","1.1"
"Mo Bamba","PHI","","7-00","221","—","","2024","0000-00-00","—","1","1.0","0.0","0.0","0.0"
"Zavier Simpson","MEM","PG","6-00","190","—","","2024","0000-00-00","—","7","22.4","6.0","2.9","3.6"
"Malik Williams","TOR","C","6-11","250","—","","2024","0000-00-00","—","7","15.0","2.7","5.4","0.3"
"Jerome Robinson","GSW","SF","6-04","190","—","","2024","0000-00-00","—","16","3.9","1.9","0.3","0.3"
"Jay Huff","DEN","","7-01","240","—","","2024","0000-00-00","—","1","1.0","2.0","0.0","0.0"
"Patty Mills","ATL","PG","6-01","180","Canberra, Australia","","2024","0000-00-00","—","17","12.9","4.2","1.0","1.1"
"Marques Bolden","MIL","C","6-11","250","—","","2024","0000-00-00","—","1","11.4","3.7","3.4","0.4"
"Charlie Brown","NYK","SF","6-06","199","—","","2024","0000-00-00","—","6","5.3","1.0","0.3","0.0"
"Daniel Theis","IND","","6-08","243","Salzgitter, Germany","","2024","0000-00-00","—","1","8.0","2.0","0.0","0.0"
"Nate Mensah","CHH","C","6-09","230","—","","2024","0000-00-00","—","24","12.2","1.4","2.7","0.4"
"Cam Thomas","BRK","SG","6-04","210","—","","2024","0000-00-00","—","52","31.1","22.2","3.3","3.0"
"GG Jackson","MEM","PF","6-09","210","—","","2024","0000-00-00","—","45","26.8","15.5","4.3","1.3"
"Dmytro Skapintsev","NYK","C","7-01","215","—","","2024","0000-00-00","—","1","1.0","0.0","0.0","0.0"
"Brandon Williams","DAL","PG","6-01","190","—","","2024","0000-00-00","—","16","6.5","3.4","0.8","1.1"
"Mamadi Diakite","SAS","PF","6-09","228","—","","2024","0000-00-00","—","3","5.0","2.3","0.8","0.3"
"Dylan Windler","LAL","SF","6-07","196","—","","2024","0000-00-00","—","7","7.8","3.3","1.2","0.8"
"Hamidou Diallo","WAS","SG","6-05","202","—","","2024","0000-00-00","—","1","3.0","2.0","2.0","1.0"
"Justin Champagnie","WAS","SF","6-06","206","—","","2024","0000-00-00","—","15","15.2","5.9","3.5","1.3"
"Pete Nance","CLE","PF","6-10","225","—","","2024","0000-00-00","—","7","3.3","0.4","0.4","0.0"
"Scotty Pippen","MEM","PG","6-01","170","—","","2024","0000-00-00","—","21","24.7","12.9","3.2","4.7"
"Taze Moore","POR","SF","6-05","195","—","","2024","0000-00-00","—","4","9.8","4.5","2.0","1.2"
"Trey Jemison","WAS","C","6-10","260","—","","2024","0000-00-00","—","2","22.6","6.8","5.4","1.1"
"Matthew Hurt","MEM","C","6-09","233","—","","2024","0000-00-00","—","8","13.8","4.0","2.0","0.5"
"Tosan Evbuomwan","MEM","PF","6-07","217","—","","2024","0000-00-00","—","4","21.5","6.1","3.5","0.9"
"Ashton Hagans","POR","PG","6-03","198","—","","2024","0000-00-00","—","19","16.1","4.2","2.4","2.8"
"Jason Preston","UTA","PG","6-03","181","—","","2024","0000-00-00","—","7","9.7","1.7","2.4","2.3"
"Mouhamadou Gueye","TOR","C","6-09","210","—","","2024","0000-00-00","—","11","10.5","2.4","2.1","0.5"
"Alondes Williams","MIA","SG","6-04","210","—","","2024","0000-00-00","—","6","2.2","0.8","0.2","0.0"
"Vit Krejci","ATL","SF","6-08","195","—","","2024","0000-00-00","—","22","24.1","6.1","2.4","2.3"
"D.J. Carton","TOR","PG","6-04","190","—","","2024","0000-00-00","—","4","8.5","2.8","0.8","0.5"
"Darius Bazley","PHI","PF","6-09","216","—","","2024","0000-00-00","—","3","16.6","5.3","3.1","0.8"
"Gary Trent Jr.","TOR","SG","6-05","205","—","","2019","","","71","27.6","13.7","2.6","1.7"